{"text": " \uc870\uacbd\ud638 \ubc14\ubcf4", "segments": [{"id": 0, "seek": 0, "start": 0.0, "end": 2.0, "text": " \uc870\uacbd\ud638 \ubc14\ubcf4", "tokens": [50364, 7430, 15608, 14705, 9040, 7062, 50464], "temperature": 0.0, "avg_logprob": -0.394961953163147, "compression_ratio": 0.5925925925925926, "no_speech_prob": 0.052103180438280106}], "language": "Korean"}